{"diamond_axe":{"moretools:item/diamond_saw":2},"diamond_pickaxe":{"moretools:item/diamond_hammer":2,"moretools:item/diamond_vein_hammer":3},"diamond_shovel":{"moretools:item/diamond_excavator":2},"golden_axe":{"moretools:item/golden_saw":2},"golden_pickaxe":{"moretools:item/golden_hammer":2,"moretools:item/golden_vein_hammer":3},"golden_shovel":{"moretools:item/golden_excavator":2},"iron_axe":{"moretools:item/iron_saw":2},"iron_pickaxe":{"moretools:item/iron_hammer":2,"moretools:item/iron_vein_hammer":3},"iron_shovel":{"moretools:item/iron_excavator":2},"netherite_axe":{"moretools:item/netherite_saw":2},"netherite_pickaxe":{"moretools:item/netherite_hammer":2,"moretools:item/netherite_vein_hammer":3},"netherite_shovel":{"moretools:item/netherite_excavator":2},"paper":{"analog:item/radio_off":2,"analog:item/radio_on":3,"analog:item/transmitter":4,"analog:item/receiver":5,"analog:gui/radio_start_transmit_button":6,"analog:gui/radio_stop_transmit_button":7,"analog:gui/radio_start_receive_button":8,"analog:gui/radio_stop_receive_button":9,"analog:gui/radio_channel_up_button":10,"analog:gui/radio_channel_down_button":11,"analog:gui/radio_set_channel_button":12,"analog:gui/radio_enable_button":13,"analog:gui/radio_disable_button":14,"analog:block/transmitter":15,"analog:block/receiver":16},"stone_axe":{"moretools:item/stone_saw":2},"stone_pickaxe":{"moretools:item/stone_hammer":2,"moretools:item/stone_vein_hammer":3},"stone_shovel":{"moretools:item/stone_excavator":2},"wooden_axe":{"moretools:item/wooden_saw":2},"wooden_pickaxe":{"moretools:item/wooden_hammer":2,"moretools:item/wooden_vein_hammer":3},"wooden_shovel":{"moretools:item/wooden_excavator":2}}