{
	"credit": "Made with Blockbench",
	"ambientocclusion": false,
	"textures": {
		"0": "block/oak_log",
		"particle": "block/oak_log"
	},
	"elements": [
		{
			"from": [7, 16, 11],
			"to": [8, 17, 12],
			"rotation": {"angle": 22.5, "axis": "y", "origin": [8, 16, 6]},
			"faces": {
				"north": {"uv": [3, 1, 4, 2], "texture": "#0", "cullface": "up"},
				"east": {"uv": [4, 2, 3, 1], "texture": "#0", "cullface": "up"},
				"south": {"uv": [3, 1, 4, 2], "texture": "#0", "cullface": "up"},
				"up": {"uv": [3, 1, 4, 2], "rotation": 90, "texture": "#0", "cullface": "up"}
			}
		},
		{
			"from": [6, 16, 6],
			"to": [7, 17, 15],
			"rotation": {"angle": 22.5, "axis": "y", "origin": [8, 16, 6]},
			"faces": {
				"north": {"uv": [3, 1, 4, 2], "texture": "#0", "cullface": "up"},
				"east": {"uv": [12, 2, 3, 1], "texture": "#0", "cullface": "up"},
				"south": {"uv": [2, 2, 3, 3], "texture": "#0", "cullface": "up"},
				"west": {"uv": [3, 1, 12, 2], "texture": "#0", "cullface": "up"},
				"up": {"uv": [3, 1, 12, 2], "rotation": 90, "texture": "#0", "cullface": "up"}
			}
		}
	]
}