{
	"credit": "Made with Blockbench",
	"ambientocclusion": false,
	"textures": {
		"1": "block/stone",
		"particle": "block/stone"
	},
	"elements": [
		{
			"from": [8, 16, 10],
			"to": [12, 17, 13],
			"rotation": {"angle": 45, "axis": "y", "origin": [8, 16, 10]},
			"faces": {
				"north": {"uv": [0, 2, 4, 3], "texture": "#1", "cullface": "up"},
				"east": {"uv": [0, 0, 3, 1], "texture": "#1", "cullface": "up"},
				"south": {"uv": [0, 0, 4, 1], "texture": "#1", "cullface": "up"},
				"west": {"uv": [3, 0, 4, 3], "rotation": 90, "texture": "#1", "cullface": "up"},
				"up": {"uv": [4, 3, 0, 0], "texture": "#1", "cullface": "up"}
			}
		},
		{
			"from": [9, 17, 10],
			"to": [12, 18, 12],
			"rotation": {"angle": 45, "axis": "y", "origin": [8, 17, 10]},
			"faces": {
				"north": {"uv": [0, 3, 1, 0], "rotation": 90, "texture": "#1", "cullface": "up"},
				"east": {"uv": [2, 0, 0, 1], "texture": "#1", "cullface": "up"},
				"south": {"uv": [1, 0, 2, 3], "rotation": 90, "texture": "#1", "cullface": "up"},
				"west": {"uv": [0, 2, 2, 3], "texture": "#1", "cullface": "up"},
				"up": {"uv": [2, 3, 0, 0], "rotation": 270, "texture": "#1", "cullface": "up"}
			}
		},
		{
			"from": [9, 16, 9],
			"to": [12, 17, 10],
			"rotation": {"angle": 45, "axis": "y", "origin": [8, 16, 10]},
			"faces": {
				"north": {"uv": [7, 0, 4, 1], "texture": "#1", "cullface": "up"},
				"east": {"uv": [7, 0, 6, 1], "texture": "#1", "cullface": "up"},
				"west": {"uv": [4, 0, 5, 1], "texture": "#1", "cullface": "up"},
				"up": {"uv": [7, 1, 4, 0], "rotation": 180, "texture": "#1", "cullface": "up"}
			}
		},
		{
			"from": [7, 16, 5],
			"to": [10, 17, 6],
			"rotation": {"angle": -45, "axis": "y", "origin": [8, 16, 10]},
			"faces": {
				"north": {"uv": [3, 1, 0, 2], "texture": "#1", "cullface": "up"},
				"east": {"uv": [3, 1, 2, 2], "texture": "#1", "cullface": "up"},
				"west": {"uv": [0, 1, 1, 2], "texture": "#1", "cullface": "up"},
				"up": {"uv": [3, 2, 0, 1], "rotation": 180, "texture": "#1", "cullface": "up"}
			}
		}
	]
}