{
	"credit": "Made with Blockbench",
	"ambientocclusion": false,
	"textures": {
		"0": "block/oak_log",
		"particle": "block/oak_log"
	},
	"elements": [
		{
			"from": [5, 16, 8],
			"to": [14, 17, 9],
			"rotation": {"angle": 22.5, "axis": "y", "origin": [5, 16, 7]},
			"faces": {
				"north": {"uv": [12, 2, 3, 1], "texture": "#0", "cullface": "up"},
				"east": {"uv": [2, 2, 3, 3], "texture": "#0", "cullface": "up"},
				"south": {"uv": [3, 1, 12, 2], "texture": "#0", "cullface": "up"},
				"west": {"uv": [3, 1, 4, 2], "texture": "#0", "cullface": "up"},
				"up": {"uv": [3, 1, 12, 2], "texture": "#0", "cullface": "up"}
			}
		}
	]
}