{
	"credit": "Made with Blockbench",
	"ambientocclusion": false,
	"textures": {
		"0": "block/stone",
		"particle": "block/stone"
	},
	"elements": [
		{
			"from": [6, 16, 6],
			"to": [9, 17, 9],
			"rotation": {"angle": -22.5, "axis": "y", "origin": [6, 16, 6]},
			"faces": {
				"north": {"uv": [0, 2, 3, 3], "texture": "#0", "cullface": "up"},
				"east": {"uv": [0, 0, 1, 3], "rotation": 270, "texture": "#0", "cullface": "up"},
				"south": {"uv": [0, 0, 3, 1], "texture": "#0", "cullface": "up"},
				"west": {"uv": [2, 0, 3, 3], "rotation": 90, "texture": "#0", "cullface": "up"},
				"up": {"uv": [3, 3, 0, 0], "texture": "#0", "cullface": "up"}
			}
		}
	]
}