{
	"credit": "Made with Blockbench",
	"parent": "block/block",
	"ambientocclusion": false,
	"textures": {
		"0": "block/grass_block_side_overlay",
		"particle": "block/grass_block_side_overlay"
	},
	"elements": [
		{
			"from": [0, 16, 0],
			"to": [16, 19, 16],
			"rotation": {"angle": 0, "axis": "y", "origin": [0, 16, 0]},
			"faces": {
				"north": {"uv": [0, 4, 16, 1], "texture": "#0", "cullface": "north", "tintindex": 0},
				"east": {"uv": [0, 4, 16, 1], "texture": "#0", "cullface": "east", "tintindex": 0},
				"south": {"uv": [0, 4, 16, 1], "texture": "#0", "cullface": "south", "tintindex": 0},
				"west": {"uv": [0, 4, 16, 1], "texture": "#0", "cullface": "west", "tintindex": 0}
			}
		},
		{
			"from": [0, 16, 0],
			"to": [16, 19, 0],
			"rotation": {"angle": 0, "axis": "y", "origin": [0, 16, 0]},
			"faces": {
				"south": {"uv": [16, 4, 0, 1], "texture": "#0", "cullface": "north", "tintindex": 0}
			}
		},
		{
			"from": [0, 16, 0],
			"to": [0, 19, 16],
			"rotation": {"angle": 0, "axis": "y", "origin": [0, 16, 16]},
			"faces": {
				"east": {"uv": [16, 4, 0, 1], "texture": "#0", "cullface": "west", "tintindex": 0}
			}
		},
		{
			"from": [0, 16, 16],
			"to": [16, 19, 16],
			"rotation": {"angle": 0, "axis": "y", "origin": [16, 16, 16]},
			"faces": {
				"north": {"uv": [16, 4, 0, 1], "texture": "#0", "cullface": "south", "tintindex": 0}
			}
		},
		{
			"from": [16, 16, 0],
			"to": [16, 19, 16],
			"rotation": {"angle": 0, "axis": "y", "origin": [16, 16, 0]},
			"faces": {
				"west": {"uv": [16, 4, 0, 1], "texture": "#0", "cullface": "east", "tintindex": 0}
			}
		}
	]
}